City_ID,City,Lat,Lng,Max Temp,Humidity,Cloudiness,Wind Speed,Country,Date
0,port elizabeth,-33.918,25.5701,288.76,81,0,4.63,ZA,1712860222
1,ushuaia,-54.8,-68.3,281.96,53,0,8.75,AR,1712860060
2,olonkinbyen,70.9221,-8.7187,264.71,76,100,4.6,SJ,1712860223
3,choibalsan,48.0667,114.5,279.59,71,71,3.09,MN,1712860223
4,ribeira grande,38.5167,-28.7,290.37,88,40,4.63,PT,1712860223
5,adamstown,-25.066,-130.1015,294.74,55,91,8.38,PN,1712860061
6,port mathurin,-19.6833,63.4167,298.2,94,75,1.03,MU,1712860224
7,bilibino,68.0546,166.4372,254.51,99,100,0.49,RU,1712860224
8,isafjordur,66.0755,-23.124,275.17,75,100,7.2,IS,1712860224
9,grytviken,-54.2811,-36.5092,274.06,75,40,5.47,GS,1712860198
10,gaalkacyo,6.7697,47.4308,300.92,70,100,8.23,SO,1712860225
11,ust-nera,64.5667,143.2,258.68,97,85,2.87,RU,1712860225
12,albany,42.6001,-73.9662,287.36,80,100,2.24,US,1712859960
13,badger,64.8,-147.5333,275.77,67,100,2.06,US,1712860226
14,el fahs,36.3742,9.9065,284.93,83,100,2.01,TN,1712860226
15,kabardinka,44.6514,37.9428,289.83,66,100,1.34,RU,1712860227
16,port-aux-francais,-49.35,70.2167,279.1,96,99,7.23,TF,1712860227
17,filadelfia,39.9523,-75.1638,297.06,69,75,5.66,US,1712860055
18,vorgashor,67.5833,63.95,263.6,87,100,11.9,RU,1712860228
19,yellowknife,62.456,-114.3525,275.05,84,75,6.69,CA,1712860228
20,college,64.8569,-147.8028,275.82,61,100,2.06,US,1712859938
21,kirakira,-10.4544,161.9205,298.71,83,100,1.21,SB,1712860229
22,sorong,-0.8833,131.25,299.66,81,92,1.83,ID,1712860229
23,puerto ayora,-0.7393,-90.3518,303.13,93,27,3.58,EC,1712860229
24,puerto natales,-51.7236,-72.4875,284.4,50,0,4.63,CL,1712860230
25,tubarao,-28.4667,-49.0069,293.66,99,100,0.67,BR,1712860182
26,tsiombe,-25.3,45.4833,294.53,82,92,2.75,MG,1712860230
27,waitangi,-43.9535,-176.5597,289.16,95,100,4.02,NZ,1712860231
28,ugoofaaru,5.6667,73.0,302.42,75,81,3.78,MV,1712860231
29,shimanovsk,52.0,127.7,277.17,57,100,2.9,RU,1712860232
30,mazabuka,-15.856,27.748,292.75,93,64,2.4,ZM,1712860232
31,port alfred,-33.5906,26.891,288.25,85,5,2.24,ZA,1712860232
32,udachny,66.4167,112.4,245.07,100,99,2.21,RU,1712860232
33,cankuzo,-3.1333,30.5833,289.74,94,23,0.67,BI,1712860233
34,bethel,41.3712,-73.414,286.84,88,100,2.24,US,1712860005
35,labrador city,52.9463,-66.9114,277.1,60,100,7.72,CA,1712860210
36,pauini,-7.7136,-66.9764,297.01,98,100,1.57,BR,1712860233
37,iqaluit,63.7506,-68.5145,271.0,68,100,2.06,CA,1712860212
38,cill airne,52.05,-9.5167,285.59,97,100,3.68,IE,1712860234
39,mhangura,-16.8939,30.1683,291.44,96,98,3.07,ZW,1712860234
40,piacabucu,-10.4056,-36.4344,302.19,71,75,3.89,BR,1712860235
41,namtsy,62.7161,129.6658,271.49,98,100,4.05,RU,1712860235
42,ketchikan,55.3422,-131.6461,278.41,87,100,3.09,US,1712860235
43,kavaratti,10.5669,72.642,302.54,69,0,3.43,IN,1712860235
44,port douglas,-16.4833,145.4667,295.65,76,55,3.25,AU,1712860235
45,namibe,-15.1961,12.1522,295.69,76,1,4.42,AO,1712860236
46,tiksi,71.6872,128.8694,245.0,95,23,5.54,RU,1712860236
47,edinburgh of the seven seas,-37.0676,-12.3116,291.2,96,95,4.62,SH,1712860236
48,patigi,8.7333,5.75,308.45,29,66,1.4,NG,1712860237
49,kodiak,57.79,-152.4072,271.88,93,100,0.0,US,1712860237
50,naze,28.3667,129.4833,291.66,85,81,0.71,JP,1712860237
51,peniche,39.3558,-9.3811,299.31,75,94,4.55,PT,1712860237
52,kabo,7.6994,18.629,306.1,33,98,2.51,CF,1712860237
53,pemba,-12.974,40.5178,301.17,81,100,2.52,MZ,1712860238
54,palangkaraya,-2.2,113.8333,297.67,96,40,0.93,ID,1712860238
55,margaret river,-33.95,115.0667,286.54,76,5,5.31,AU,1712860238
56,vredendal,-31.6683,18.5012,296.31,24,6,7.52,ZA,1712860238
57,arkhangel'sk,64.5401,40.5433,279.21,61,75,11.0,RU,1712860239
58,svetlyy,54.675,20.1347,286.13,69,100,5.09,RU,1712860239
59,anadyr,64.75,177.4833,255.43,84,0,4.92,RU,1712860239
60,puerto leguizamo,-0.1934,-74.7819,300.54,88,100,2.4,CO,1712860239
61,invercargill,-46.4,168.35,280.94,89,100,2.61,NZ,1712860045
62,happy valley-goose bay,53.3168,-60.3315,287.32,15,40,5.14,CA,1712860240
63,icano,-28.9193,-65.3282,286.84,94,100,1.61,AR,1712860240
64,longyearbyen,78.2186,15.6401,260.06,61,0,4.12,SJ,1712860240
65,kapoeta,4.7717,33.5903,303.41,46,11,4.25,SS,1712860240
66,el matama,16.7095,33.3565,303.27,7,0,5.92,SD,1712860241
67,chauk,20.8833,94.8167,303.82,35,0,2.71,MM,1712860241
68,punta arenas,-53.15,-70.9167,283.21,53,0,11.83,CL,1712860103
69,tual,-5.6667,132.75,301.59,70,98,2.13,ID,1712860242
70,sao gabriel da cachoeira,-0.1303,-67.0892,304.04,74,40,3.09,BR,1712860242
71,talnakh,69.4865,88.3972,247.15,98,97,3.15,RU,1712860242
72,utrik,11.2278,169.8474,299.86,75,100,9.16,MH,1712860242
73,tindouf,27.6711,-8.1474,302.58,8,0,3.47,DZ,1712860243
74,castillos,-34.1667,-53.8333,290.8,58,99,3.44,UY,1712860243
75,rio gallegos,-51.6226,-69.2181,286.18,38,0,11.32,AR,1712859980
76,greymouth,-42.4667,171.2,286.15,92,33,3.51,NZ,1712860243
77,blackmans bay,-43.0167,147.3167,284.22,86,65,0.45,AU,1712860244
78,dwarka,22.2394,68.9678,298.47,86,5,5.67,IN,1712860244
79,agryz,56.5203,52.9942,287.04,83,100,8.13,RU,1712860244
80,west island,-12.1568,96.8225,300.14,78,40,2.57,CC,1712860244
81,bredasdorp,-34.5322,20.0403,287.72,67,0,4.61,ZA,1712860245
82,wailua homesteads,22.0669,-159.378,298.39,92,75,1.54,US,1712860245
83,petropavlovsk-kamchatsky,53.0452,158.6483,271.48,71,0,11.62,RU,1712860245
84,viedma,-40.8135,-62.9967,290.4,31,100,1.97,AR,1712860061
85,adis zemen,12.1167,37.7833,299.29,19,98,3.81,ET,1712860246
86,saint-philippe,-21.3585,55.7679,298.92,86,47,1.43,RE,1712860246
87,atafu village,-8.5421,-172.5159,302.47,77,90,3.67,TK,1712860246
88,micheweni,-4.9667,39.8333,301.57,81,15,4.26,TZ,1712860246
89,mwene-ditu,-7.0,23.45,293.91,92,100,0.88,CD,1712860247
90,broken hill,-31.95,141.4333,284.69,64,3,3.37,AU,1712860247
91,avarua,-21.2078,-159.775,301.18,83,75,6.69,CK,1712860247
92,alofi,-19.0595,-169.9187,295.09,94,100,0.51,NU,1712860248
93,louga,58.7372,29.8453,282.8,55,100,5.9,RU,1712860248
94,kailua-kona,19.6406,-155.9956,299.59,89,75,2.06,US,1712860133
95,iskateley,67.6803,53.1512,274.83,100,100,7.6,RU,1712860248
96,puerto baquerizo moreno,-0.9,-89.6,301.7,79,40,3.09,EC,1712860249
97,tolanaro,-25.0319,46.9987,297.19,83,40,3.09,MG,1712860249
98,whitehorse,60.7161,-135.0538,276.58,51,20,3.6,CA,1712860057
99,san luis de la loma,17.2706,-100.8939,303.01,57,0,4.07,MX,1712860249
100,roosevelt,33.9668,-103.4505,288.08,29,0,4.92,US,1712859959
101,codrington,-38.2667,141.9667,286.62,70,98,3.31,AU,1712860250
102,lithgow,-33.4833,150.15,281.84,97,58,0.94,AU,1712860250
103,dudinka,69.4058,86.1778,247.38,100,80,3.14,RU,1712860250
104,vilyuchinsk,52.9306,158.4028,272.3,81,6,4.71,RU,1712860251
105,hawaiian paradise park,19.5933,-154.9731,295.39,98,100,1.54,US,1712860251
106,alaghsas,17.0187,8.0168,311.09,6,0,3.09,NE,1712860251
107,slave lake,55.2834,-114.769,284.14,24,0,2.06,CA,1712860251
108,aasiaat,68.7098,-52.8699,268.5,83,100,1.31,GL,1712860252
109,fort st. john,56.2499,-120.8529,281.09,49,75,3.09,CA,1712860207
110,north platte,41.1239,-100.7654,287.63,24,0,10.28,US,1712860023
111,acarau,-2.8856,-40.12,301.4,82,90,3.61,BR,1712860253
112,salalah,17.0151,54.0924,301.2,74,40,3.09,OM,1712860253
113,al fulah,11.7329,28.3579,302.52,10,8,5.38,SD,1712860253
114,siwa oasis,29.2041,25.5195,296.94,18,0,3.68,EG,1712860254
115,colonia,50.9333,6.95,289.5,75,20,1.54,DE,1712860234
116,papatowai,-46.5619,169.4708,280.44,88,100,2.88,NZ,1712860254
117,east london,-33.0153,27.9116,287.67,82,20,8.75,ZA,1712860254
118,itamarandiba,-17.8572,-42.8589,300.27,59,49,2.15,BR,1712860040
119,jackson,42.4165,-122.8345,290.58,54,0,1.54,US,1712860020
120,saldanha,-33.0117,17.9442,292.18,53,6,5.48,ZA,1712860255
121,white meadow lake,40.9237,-74.5107,291.9,82,100,2.57,US,1712860255
122,chai badan,15.2,101.1333,303.78,59,39,2.89,TH,1712860255
123,nuuk,64.1835,-51.7216,271.49,93,100,1.79,GL,1712860256
124,glubokoye,50.1456,82.3114,276.01,93,100,6.0,KZ,1712860256
125,vilyuysk,63.7553,121.6247,258.15,95,100,3.13,RU,1712860256
126,sandy,40.572,-111.8606,292.0,28,0,5.14,US,1712860010
127,constantia,44.1833,28.65,289.65,64,2,1.25,RO,1712860210
128,praia da vitoria,38.7333,-27.0667,293.29,73,40,2.7,PT,1712860257
129,rumphi,-11.0186,33.8575,293.03,92,100,1.42,MW,1712860257
130,jamestown,42.097,-79.2353,294.92,75,100,7.72,US,1712860257
131,thanh hoa,19.8,105.7667,296.47,97,100,1.82,VN,1712860257
132,east wenatchee bench,47.4257,-120.2812,288.17,54,0,1.54,US,1712860258
133,bandar abbas,27.1865,56.2808,299.14,73,30,2.06,IR,1712860258
134,kedrovyy,56.1667,91.8167,270.38,90,100,2.18,RU,1712860258
135,mili,6.0815,171.735,300.18,87,100,8.34,MH,1712860258
136,zeya,53.75,127.2667,273.42,79,100,2.01,RU,1712860259
137,carutapera,-1.195,-46.02,302.12,79,27,3.11,BR,1712860259
138,champerico,14.3,-91.9167,308.45,62,93,5.61,GT,1712860259
139,nusaybin,37.0778,41.2178,287.92,82,0,2.02,TR,1712860259
140,lebu,-37.6167,-73.65,287.93,66,1,2.88,CL,1712860260
141,sydney mines,46.2367,-60.2177,283.71,42,20,7.72,CA,1712860260
142,taulaga,-11.0553,-171.0883,302.87,74,92,3.41,AS,1712860260
143,lata,40.1629,-8.3327,299.77,73,89,1.55,PT,1712860260
144,fuglafjordur,62.244,-6.814,282.41,91,100,11.2,FO,1712860261
145,kingston,17.997,-76.7936,304.68,66,20,11.32,JM,1712860123
146,skanor med falsterbo,55.4,12.85,286.05,97,100,8.97,SE,1712860261
147,klaksvik,62.2266,-6.589,282.66,93,100,13.54,FO,1712860261
148,el calafate,-50.3408,-72.2768,282.55,50,6,2.45,AR,1712860262
149,isangel,-19.55,169.2667,298.21,94,40,0.0,VU,1712860263
150,mount gambier,-37.8333,140.7667,285.66,64,100,1.72,AU,1712860263
151,saurimo,-9.6608,20.3916,294.57,85,86,0.5,AO,1712860263
152,qaqortoq,60.7167,-46.0333,270.45,75,89,2.18,GL,1712860264
153,hilo,19.7297,-155.09,295.51,99,100,1.54,US,1712860264
154,summerside,46.3959,-63.7876,284.64,66,95,3.6,CA,1712860036
155,hithadhoo,-0.6,73.0833,302.27,73,100,2.46,MV,1712860265
156,pekan,3.4836,103.3996,299.21,83,63,3.18,MY,1712860265
157,ilulissat,69.2167,-51.1,267.16,79,75,1.54,GL,1712860265
158,newman,37.3138,-121.0208,298.17,55,15,1.27,US,1712860266
159,krasnyy yar,46.5331,48.3456,288.11,53,100,2.84,RU,1712860266
160,taounate,34.5,-4.8333,292.74,49,19,2.69,MA,1712860266
161,dunedin,-45.8742,170.5036,280.82,99,100,2.24,NZ,1712860266
162,thompson,55.7435,-97.8558,275.24,75,100,4.63,CA,1712860267
163,yavatmal,20.4,78.1333,301.31,42,99,3.12,IN,1712860267
164,qamdo,31.1667,97.2333,272.32,54,90,1.85,CN,1712860267
165,fortuna,40.5982,-124.1573,286.47,88,100,3.6,US,1712860138
166,umluj,25.0213,37.2685,297.48,55,0,5.39,SA,1712860268
167,sinabang,2.4803,96.3801,300.27,84,100,1.46,ID,1712860268
168,dubbo,-32.25,148.6167,285.22,87,0,4.63,AU,1712860148
169,san antonio de pale,-1.4014,5.6325,299.93,84,100,8.32,GQ,1712860268
170,tirmiz,37.2242,67.2783,297.2,35,40,2.06,UZ,1712859977
171,chernyshevsk,52.5243,117.0174,277.85,89,100,1.64,RU,1712860269
172,eyl,7.9803,49.8164,301.36,82,100,4.06,SO,1712860269
173,hermanus,-34.4187,19.2345,288.04,70,12,7.9,ZA,1712860270
174,kijang,35.2442,129.2139,282.0,93,63,1.85,KR,1712860270
175,andergrove,-21.0833,149.1833,290.73,78,3,4.15,AU,1712860271
176,santander,43.4647,-3.8044,288.77,74,0,5.36,ES,1712860081
177,hammerfest,70.6634,23.6821,274.4,93,75,5.14,NO,1712860271
178,sola,-13.8833,167.55,301.21,79,100,4.99,VU,1712860271
179,nacaome,13.5361,-87.4875,313.28,19,19,3.93,HN,1712860271
180,kasongo-lunda,-6.4667,16.8167,296.88,95,100,0.73,CD,1712860272
181,bignona,12.8103,-16.2264,302.17,34,3,7.54,SN,1712860272
182,fale old settlement,-9.3852,-171.2468,302.56,77,34,2.75,TK,1712860272
183,carnarvon,-24.8667,113.6333,294.84,63,100,10.35,AU,1712860272
184,tangalle,6.024,80.7911,299.24,87,100,3.39,LK,1712860273
185,tympaki,35.0729,24.7685,291.54,65,0,2.24,GR,1712860273
186,uturoa,-16.7333,-151.4333,301.71,79,19,7.43,PF,1712860273
187,shimoda,34.6667,138.95,285.99,87,68,5.1,JP,1712860274
188,mahina,-17.5065,-149.489,302.02,74,75,0.0,PF,1712860122
189,ad-damazin,11.7891,34.3592,307.15,13,3,5.16,SD,1712860274
190,remire-montjoly,4.9167,-52.2667,303.17,74,75,6.69,GF,1712860274
191,polyarnyy,69.1989,33.4478,274.63,99,100,10.27,RU,1712860275
192,bichura,50.5881,107.6022,279.09,73,100,1.05,RU,1712860275
193,vadso,70.0744,29.7487,275.64,80,40,4.12,NO,1712860275
194,tromso,69.6496,18.957,276.16,87,100,2.06,NO,1712860133
195,mount isa,-20.7333,139.5,284.02,71,0,2.57,AU,1712860275
196,lodwar,3.1191,35.5973,301.72,65,96,9.86,KE,1712860276
197,tura,25.5198,90.2201,298.11,36,100,1.29,IN,1712860276
198,jutai,-5.1833,-68.9,300.37,83,100,1.28,BR,1712860276
199,egilsstadir,65.2653,-14.3948,274.1,93,100,7.72,IS,1712860276
200,vila velha,-20.3297,-40.2925,304.12,80,20,4.63,BR,1712859979
201,port lincoln,-34.7333,135.8667,287.29,75,100,3.2,AU,1712860277
202,el coronil,37.0795,-5.6341,299.33,64,30,3.2,ES,1712860277
203,pisco,-13.7,-76.2167,298.18,73,0,4.12,PE,1712860277
204,quellon,-43.1167,-73.6167,286.07,53,0,1.53,CL,1712860277
205,belousovka,50.1339,82.5239,275.62,93,100,6.0,KZ,1712860278
206,mut,36.6439,33.4389,291.98,49,10,2.67,TR,1712860278
207,aripuana,-9.1667,-60.6333,301.82,90,100,0.48,BR,1712860278
208,dzhalagash,45.0833,64.6667,284.85,61,98,7.68,KZ,1712860279
209,georgetown,5.4112,100.3354,301.11,83,20,1.54,MY,1712860223
210,sonoita,31.85,-112.8333,301.56,10,0,1.42,MX,1712860279
211,nahiyat ash shinafiyah,31.5874,44.6602,297.61,32,0,3.58,IQ,1712860279
212,pandan,14.0453,124.1694,298.67,87,99,3.3,PH,1712860280
213,sao jose de ribamar,-2.5619,-44.0542,300.36,78,76,2.93,BR,1712860280
214,vorkuta,67.5,64.0,263.77,87,100,12.07,RU,1712860193
215,bengbu,32.9408,117.3608,288.82,94,99,1.89,CN,1712860280
216,dauphin,51.1494,-100.0502,282.23,66,75,3.09,CA,1712860192
217,nogliki,51.8333,143.1667,276.67,88,0,5.36,RU,1712860281
218,sarmiento,-45.5882,-69.07,287.3,28,0,2.27,AR,1712860246
219,tambopata,-12.7333,-69.1833,306.09,62,75,4.63,PE,1712860282
220,pilibhit,28.6333,79.8,298.1,12,0,1.82,IN,1712860282
221,stanthorpe,-28.6667,151.95,285.05,96,0,2.56,AU,1712860283
222,weno,7.4515,151.8468,301.12,83,100,3.09,FM,1712860283
223,stanley,54.868,-1.6985,286.88,79,40,5.14,GB,1712860156
224,makarov,48.6333,142.8,276.25,90,21,4.65,RU,1712860284
225,lerwick,60.1545,-1.1494,282.15,89,100,6.09,GB,1712860284
226,trairi,-3.2778,-39.2689,301.26,81,100,2.88,BR,1712860204
227,morondava,-20.2833,44.2833,299.99,71,82,7.05,MG,1712860285
228,nyurba,63.2842,118.3319,253.97,98,82,2.7,RU,1712860285
229,prince rupert,54.3161,-130.3201,278.2,85,75,7.72,CA,1712860285
230,chonchi,-42.6128,-73.8092,290.71,44,0,1.17,CL,1712860286
231,tazovsky,67.4667,78.7,248.14,98,17,4.01,RU,1712859989
232,callao,-12.0667,-77.15,299.31,69,0,4.12,PE,1712860178
233,aykhal,66.0,111.5,245.1,100,100,2.68,RU,1712860287
234,lihue,21.9789,-159.3672,298.73,91,75,1.54,US,1712860288
235,new norfolk,-42.7826,147.0587,284.87,87,71,1.31,AU,1712860288
236,forster,-32.1667,152.5167,284.42,100,37,4.11,AU,1712860250
237,paczkow,50.464,17.0066,285.53,73,0,0.93,PL,1712860288
238,zakamensk,50.3741,103.2863,275.35,61,100,1.29,RU,1712860289
239,kismayo,-0.3582,42.5454,302.66,77,20,3.67,SO,1712860289
240,de panne,51.0792,2.5917,287.62,87,100,5.14,BE,1712860289
241,yuzhno-kurilsk,44.0306,145.8556,277.8,76,100,4.58,RU,1712860290
242,takeo,10.9167,104.8333,300.92,72,99,3.1,KH,1712860290
243,nsanje,-16.92,35.262,295.83,96,100,2.26,MW,1712860290
244,mount pearl,47.5166,-52.7813,278.89,68,20,4.12,CA,1712859991
245,basse-terre,16.1667,-61.6667,302.73,62,1,5.14,GP,1712860291
246,bay roberts,47.5999,-53.2648,279.55,70,2,3.13,CA,1712860275
247,camana,-16.6228,-72.7111,296.15,77,6,3.32,PE,1712860291
248,baiti,13.745,-14.7482,312.93,12,11,2.48,SN,1712860291
249,kimbe,-5.5502,150.1429,297.27,93,80,1.38,PG,1712860292
250,red deer,52.2668,-113.802,282.42,37,20,8.75,CA,1712860292
251,berdigestyakh,62.0989,126.6992,263.33,94,100,3.86,RU,1712860292
252,mar del plata,-38.0023,-57.5575,287.16,64,75,3.6,AR,1712860025
253,touros,-5.1989,-35.4608,302.69,71,77,3.3,BR,1712860128
254,dingwall,57.5953,-4.4272,288.64,72,100,3.95,GB,1712860293
255,fort bragg,35.139,-79.006,297.0,71,100,6.69,US,1712860294
256,waingapu,-9.6567,120.2641,298.24,79,84,3.06,ID,1712860294
257,guiuan,11.0333,125.7247,300.7,77,100,4.62,PH,1712860294
258,brookings,44.3114,-96.7984,281.58,80,98,1.34,US,1712860001
259,ancud,-41.8697,-73.8203,287.87,50,0,2.28,CL,1712860294
260,sitka,57.0531,-135.33,277.09,70,20,3.09,US,1712860295
261,luganville,-15.5333,167.1667,297.95,87,16,0.89,VU,1712860295
262,petawawa,45.9001,-77.3328,283.92,83,100,2.57,CA,1712860066
263,westport,41.1415,-73.3579,289.99,91,100,6.69,US,1712860080
264,phai sali,15.5976,100.6585,305.59,50,0,3.96,TH,1712860296
265,hamilton,39.1834,-84.5333,293.26,87,100,5.14,US,1712860093
266,miedzyrzec podlaski,51.9864,22.7825,284.12,61,88,3.01,PL,1712860296
267,walvis bay,-22.9575,14.5053,290.84,77,12,0.47,NA,1712860297
268,melfort,52.8667,-104.6177,276.22,70,100,3.6,CA,1712860297
269,santa elena de uairen,4.6167,-61.1333,304.47,32,93,3.24,VE,1712860297
270,arraial do cabo,-22.9661,-42.0278,303.13,78,20,5.66,BR,1712860298
271,saipan,15.1355,145.701,300.54,78,20,6.17,MP,1712860298
272,xapuri,-10.6517,-68.5044,302.93,69,100,0.47,BR,1712860298
273,yamba,-5.9,22.3,298.48,81,100,1.15,CD,1712860299
274,khilok,51.3674,110.4676,273.31,73,98,1.04,RU,1712860299
275,flying fish cove,-10.4217,105.6791,299.97,89,75,4.12,CX,1712860155
276,apolinario saravia,-24.4328,-63.9954,288.59,94,100,5.39,AR,1712860299
277,pavilosta,56.8879,21.1859,281.1,97,100,10.09,LV,1712860300
278,okha,53.5739,142.9478,271.62,96,76,4.02,RU,1712860189
279,kavieng,-2.5744,150.7967,300.01,82,96,1.48,PG,1712860301
280,iguape,-24.7081,-47.5553,299.59,75,95,4.04,BR,1712860146
281,wangqing,43.3218,129.7634,278.8,92,3,1.86,CN,1712860301
282,hotan,37.0997,79.9269,290.78,13,1,1.91,CN,1712860301
283,tidjikja,18.5564,-11.4271,309.07,12,0,4.28,MR,1712860302
284,nabire,-3.3667,135.4833,297.13,96,100,0.57,ID,1712860302
285,songyuan,45.1171,124.8568,285.84,69,100,8.32,CN,1712860302
286,luang namtha,20.9497,101.4011,297.2,50,11,0.71,LA,1712860204
287,sandnessjoen,66.0217,12.6316,278.38,70,40,1.03,NO,1712860303
288,itaituba,-4.2761,-55.9836,305.24,66,40,4.12,BR,1712860303
289,labytnangi,66.6572,66.4183,263.36,86,100,8.62,RU,1712860303
290,krabi,8.0726,98.9105,299.26,78,20,0.51,TH,1712860215
291,heroica guaymas,27.9333,-110.9,302.85,29,20,4.12,MX,1712860304
292,farshut,26.0549,32.1633,297.38,26,8,5.36,EG,1712860304
293,punta del este,-34.9667,-54.95,290.91,70,100,2.68,UY,1712860202
294,upata,8.0086,-62.3989,307.2,36,72,4.19,VE,1712860304
295,enewetak,11.3474,162.3373,300.11,79,88,10.35,MH,1712860305
296,marsabit,2.3284,37.9899,295.84,64,29,2.96,KE,1712860239
297,klyuchi,52.2667,79.1667,272.57,84,100,6.51,RU,1712860305
298,mejit,10.2753,170.8646,299.64,76,100,8.46,MH,1712860305
299,gannan,47.9147,123.5031,287.31,49,100,6.11,CN,1712860306
300,extrema,-22.8547,-46.3183,296.72,75,100,2.2,BR,1712860306
301,christchurch,-43.5333,172.6333,284.21,95,75,8.23,NZ,1712860258
302,queenstown,-31.8976,26.8753,279.76,74,0,1.45,ZA,1712860306
303,centralia,46.7162,-122.9543,286.46,72,0,1.54,US,1712860306
304,katsuren-haebaru,26.3369,127.8719,294.16,91,20,1.54,JP,1712860307
305,grand falls-windsor,48.9332,-55.6649,281.34,36,4,4.93,CA,1712860307
306,ta`u,-14.2336,-169.5144,301.99,78,8,3.66,AS,1712860307
307,tomatlan,19.9333,-105.25,306.27,30,15,4.63,MX,1712860308
308,vila franca do campo,37.7167,-25.4333,291.42,99,6,2.16,PT,1712860309
309,stettler,52.3168,-112.7186,284.68,30,100,9.77,CA,1712860309
310,hikari,33.955,131.95,285.7,81,100,1.72,JP,1712860309
311,coquimbo,-29.9533,-71.3436,287.0,94,100,4.12,CL,1712860010
312,gorontalo,0.5412,123.0595,295.69,89,98,1.64,ID,1712860310
313,manggar,-2.8833,108.2667,300.02,85,100,1.18,ID,1712860310
314,howard springs,-12.497,131.047,297.1,84,100,2.03,AU,1712860310
315,la rioja,42.25,-2.5,291.03,77,68,1.47,ES,1712860310
316,afaahiti,-17.75,-149.2833,301.08,85,100,7.76,PF,1712860311
317,noumea,-22.2763,166.4572,298.71,99,100,0.97,NC,1712860210
318,nar'yan-mar,67.6713,53.087,274.88,100,100,7.6,RU,1712860311
319,lauro de freitas,-12.8944,-38.3272,303.16,66,40,5.14,BR,1712860230
320,taltal,-25.4,-70.4833,292.88,74,100,3.24,CL,1712860220
321,gazojak,41.1875,61.4036,292.87,32,100,4.49,TM,1712860312
322,luderitz,-26.6481,15.1594,293.6,56,0,3.91,NA,1712860312
323,modimolle,-24.7,28.4,290.37,65,43,3.27,ZA,1712860312
324,naduvattam,11.4833,76.5667,289.15,69,3,1.7,IN,1712860313
325,nantucket,41.2835,-70.0995,284.23,99,100,3.6,US,1712860225
326,ambalangoda,6.2355,80.0538,300.44,82,100,2.65,LK,1712860313
327,la'ie,21.6477,-157.9253,297.65,83,100,4.92,US,1712860313
328,yorkton,51.2167,-102.4677,280.06,61,75,6.17,CA,1712860314
329,nichinan,31.6,131.3667,290.97,90,100,4.29,JP,1712860314
330,nouadhibou,20.931,-17.0347,296.14,68,0,7.2,MR,1712860314
331,kitahiroshima,42.9758,141.5672,280.16,71,100,4.16,JP,1712860315
332,birao,10.2849,22.7882,303.55,9,14,2.68,CF,1712860315
333,anshun,26.25,105.9333,289.08,92,100,3.21,CN,1712860315
334,pitanga,-24.7572,-51.7614,300.16,49,100,0.39,BR,1712860315
335,leshan,29.5623,103.7639,293.3,76,100,0.74,CN,1712860316
336,palu,-0.8917,119.8707,297.64,98,100,0.41,ID,1712860316
337,beyneu,45.3167,55.2,284.99,59,0,7.61,KZ,1712860316
338,kenai,60.5544,-151.2583,274.2,96,100,4.12,US,1712860316
339,taoudenni,22.6783,-3.9836,305.81,10,0,4.32,ML,1712860317
340,yorosso,12.3536,-4.7761,306.23,32,100,1.84,ML,1712860317
341,evanston,42.0411,-87.6901,290.22,57,100,6.17,US,1712860057
342,kefamenanu,-9.4467,124.4781,293.01,93,99,1.34,ID,1712860317
343,ratnagiri,16.9833,73.3,298.85,73,71,2.82,IN,1712860317
344,juan griego,11.0817,-63.9655,303.63,62,0,7.57,VE,1712860318
345,strezhevoy,60.7333,77.5889,258.69,92,19,1.34,RU,1712860318
346,bontang,0.1333,117.5,300.05,83,83,5.12,ID,1712860318
347,ghatkesar,17.4494,78.6853,302.0,50,95,4.7,IN,1712860318
348,nova vicosa,-17.8919,-39.3719,301.51,69,22,3.93,BR,1712860114
349,twon-brass,4.3151,6.2418,302.35,76,100,7.06,NG,1712860319
350,al bukayriyah,26.1442,43.6593,299.02,26,8,6.32,SA,1712860319
351,gamba,-2.65,10.0,299.95,86,100,2.9,GA,1712860319
352,fort mcmurray,56.7268,-111.381,284.92,40,0,6.17,CA,1712860320
353,villa gesell,-37.2639,-56.973,287.62,58,95,4.43,AR,1712860237
354,greenville,35.6127,-77.3663,294.9,91,100,9.77,US,1712860253
355,palmas,-10.2128,-48.3603,300.08,83,20,2.57,BR,1712860045
356,dryden,49.7833,-92.7503,282.31,66,100,3.09,CA,1712860248
357,senador guiomard,-10.1522,-67.7392,302.01,58,52,2.74,BR,1712860321
358,tralee,52.2704,-9.7026,286.02,95,100,4.05,IE,1712860321
359,buala,-8.145,159.5921,299.94,81,100,2.03,SB,1712860321
360,lively,46.4334,-81.1498,287.66,75,100,4.17,CA,1712860322
361,progreso,21.2833,-89.6667,307.21,77,85,7.22,MX,1712860322
362,srikakulam,18.3,83.9,300.21,74,5,1.87,IN,1712860322
363,geraldton,-28.7667,114.6,294.38,60,1,7.2,AU,1712860230
364,barah,13.7,30.3667,300.6,10,8,5.15,SD,1712860323
365,toba,34.4833,136.85,286.15,72,100,3.03,JP,1712860323
366,charters towers,-20.1,146.2667,289.23,65,0,2.62,AU,1712860323
367,caleta de carquin,-11.0925,-77.6267,297.66,73,100,4.96,PE,1712860323
368,sparti,37.0733,22.4297,285.82,43,39,2.78,GR,1712860324
369,hobyo,5.3505,48.5268,302.29,75,92,3.83,SO,1712860324
370,kuala belait,4.5833,114.1833,298.24,88,67,0.7,BN,1712860324
371,pico truncado,-46.7949,-67.9573,288.45,22,0,4.11,AR,1712860325
372,joal-fadiout,14.1667,-16.8333,298.72,53,0,9.36,SN,1712860325
373,oistins,13.0667,-59.5333,304.2,62,20,8.23,BB,1712860284
374,demak,-6.8909,110.6396,299.13,95,100,3.01,ID,1712860325
375,sanghar,26.0466,68.9481,302.79,33,5,2.72,PK,1712860326
376,maragogi,-9.0122,-35.2225,301.82,75,100,4.49,BR,1712860326
377,nemuro,43.3236,145.575,277.34,96,100,7.14,JP,1712860326
378,ulsteinvik,62.3432,5.8487,283.65,84,100,8.49,NO,1712860326
379,nagqu,31.5,92.0,271.49,49,100,3.97,CN,1712860327
380,manga,11.6636,-1.0731,310.19,22,100,4.23,BF,1712860327
381,katsuura,35.1333,140.3,287.21,87,100,6.32,JP,1712860327
382,yar,58.249,52.1026,281.2,87,13,4.35,RU,1712860327
383,calbuco,-41.768,-73.1273,291.71,52,1,2.27,CL,1712860103
384,fisterra,42.9049,-9.2629,293.57,72,100,2.07,ES,1712860328
385,prado,-17.3411,-39.2208,301.37,70,35,4.24,BR,1712860328
386,karratha,-20.7377,116.8463,300.18,71,29,3.35,AU,1712860289
387,palmer,42.1584,-72.3287,286.4,83,100,2.57,US,1712860297
388,kudahuvadhoo,2.6708,72.8944,302.85,67,35,0.71,MV,1712860330
389,margate,51.3813,1.3862,287.52,82,86,4.02,GB,1712860260
390,mtskheta,41.8451,44.7188,288.2,87,85,1.49,GE,1712860215
391,helena valley southeast,46.6153,-111.9216,287.03,39,69,3.13,US,1712860330
392,east end,34.5507,-92.341,295.36,42,3,2.24,US,1712860330
393,sedhiou,12.7081,-15.5569,311.38,16,87,1.23,SN,1712860331
394,san patricio,28.017,-97.5169,303.1,21,0,5.25,US,1712860331
395,mirny,62.5353,113.9611,246.88,100,99,1.8,RU,1712860331
396,selfoss,63.9331,-20.9971,276.08,98,100,4.77,IS,1712860331
397,bodaybo,57.8506,114.1933,271.49,98,100,1.38,RU,1712860332
398,arteche,12.2645,125.4048,298.26,90,100,1.71,PH,1712860332
399,juan rodriguez clara,17.9833,-95.4083,306.59,22,60,5.99,MX,1712860332
400,la passe,45.5549,-0.8967,291.28,87,99,3.29,FR,1712860332
401,fortaleza,-3.7227,-38.5247,304.86,89,40,3.6,BR,1712860224
402,guantanamo,20.1444,-75.2092,303.91,43,5,7.24,CU,1712860333
403,verkh-chebula,56.0308,87.6218,269.52,75,100,3.16,RU,1712860333
404,manokwari,-0.8667,134.0833,299.65,77,99,2.15,ID,1712860333
405,emerald,-23.5333,148.1667,286.12,62,0,3.75,AU,1712860190
406,kutum,14.2,24.6667,299.54,11,12,3.62,SD,1712860334
407,revelstoke,50.9832,-118.2023,280.16,65,75,0.0,CA,1712860334
408,nefta,33.8731,7.8777,291.29,50,100,4.81,TN,1712860334
409,lompoc,34.6391,-120.4579,300.38,64,0,3.6,US,1712860240
410,bantay,17.5847,120.3892,299.78,79,11,3.41,PH,1712860334
411,cynthiana,38.3904,-84.2941,291.91,87,71,5.68,US,1712860335
412,hegang,47.4,130.3667,280.98,84,0,2.47,CN,1712860335
413,new ulm,44.3125,-94.4605,286.76,64,75,11.32,US,1712860335
414,thunder bay,48.4001,-89.3168,287.14,51,75,5.14,CA,1712860177
415,belyy yar,53.6039,91.3903,271.09,80,20,4.0,RU,1712860336
416,bikenibeu village,1.3673,173.1241,300.13,89,40,1.54,KI,1712860336
417,olinda,-8.0089,-34.8553,304.0,70,40,4.12,BR,1712860040
418,yanam,16.7333,82.2167,298.53,85,46,1.31,IN,1712860337
419,magadan,59.5667,150.8,265.11,92,29,2.22,RU,1712860337
420,kita,13.0349,-9.4895,307.92,25,61,3.09,ML,1712860337
421,chernyshevskiy,63.0128,112.4714,240.76,100,36,1.34,RU,1712860338
422,douentza,14.9951,-2.9517,309.72,12,100,3.03,ML,1712860338
423,luanda,-8.8368,13.2343,301.15,83,20,5.14,AO,1712860338
424,znamenskoye,57.1281,73.8282,267.81,81,51,2.48,RU,1712860339
425,vkhodnoy,54.9518,73.1711,271.09,93,75,3.0,RU,1712860339
426,kragero,58.8693,9.4149,283.05,69,2,6.47,NO,1712860339
427,antofagasta,-23.65,-70.4,294.75,76,100,3.26,CL,1712860203
428,susuman,62.7833,148.1667,253.14,100,99,0.45,RU,1712860340
429,severo-yeniseyskiy,60.3725,93.0408,253.47,99,93,0.45,RU,1712860340
430,el sauzal de rodriguez,31.9,-116.6833,289.49,75,39,2.89,MX,1712860340
431,lyskovo,56.0328,45.0422,284.47,59,1,4.74,RU,1712860340
432,oumache,34.6929,5.6809,290.13,42,99,3.29,DZ,1712860341
433,nova olimpia,-14.7972,-57.2881,301.02,74,100,0.3,BR,1712860341
434,gao,16.6362,1.637,307.98,6,99,3.83,ML,1712860341
435,kayyerkan,69.3786,87.7439,247.2,99,81,2.81,RU,1712860341
436,miles city,46.4083,-105.8406,282.69,31,0,2.57,US,1712860342
437,aleksandrovsk-sakhalinskiy,50.8975,142.1561,276.24,92,86,8.29,RU,1712860342
438,kamina,-8.7386,24.9906,292.85,92,100,0.69,CD,1712860342
439,fort stockton,30.894,-102.8793,298.24,20,0,6.35,US,1712860313
440,el granada,37.5027,-122.4694,301.44,72,20,2.06,US,1712860343
441,urengoy,65.9667,78.3667,250.41,98,100,4.21,RU,1712860343
442,tucurui,-3.7661,-49.6725,302.38,83,68,1.56,BR,1712860343
443,cockburn town,21.4612,-71.1419,298.48,72,5,7.22,TC,1712860197
444,gaspe,48.8334,-64.4819,279.27,70,100,3.6,CA,1712860344
445,udangudi,8.4333,78.0167,302.3,74,100,6.19,IN,1712860344
446,st. john's,47.5649,-52.7093,279.35,70,20,4.12,CA,1712860193
447,oriximina,-1.7656,-55.8661,303.13,78,100,0.7,BR,1712860344
448,gebeit,21.0667,36.3167,294.37,45,10,2.41,SD,1712860345
449,shitanjing,39.2342,106.3439,286.2,29,2,1.99,CN,1712860345
450,oamaru,-45.0784,170.9801,281.14,95,100,8.7,NZ,1712860345
451,altoona,40.5187,-78.3947,292.4,73,100,6.87,US,1712860181
452,at taraf,25.3628,49.725,299.45,39,5,6.67,SA,1712860346
453,gadzhiyevo,69.2551,33.3362,274.76,99,100,10.22,RU,1712860346
454,sisimiut,66.9395,-53.6735,269.34,83,100,1.43,GL,1712860346
455,kirensk,57.7853,108.1119,270.91,95,100,0.89,RU,1712860347
456,ca mau,9.1769,105.15,301.0,73,100,3.68,VN,1712860347
457,korla,41.7597,86.1469,290.22,26,91,1.37,CN,1712860347
458,ponta delgada,37.7333,-25.6667,291.59,82,20,3.09,PT,1712860347
459,banda aceh,5.5577,95.3222,300.43,77,99,2.75,ID,1712860348
460,masjed soleyman,31.9364,49.3039,297.16,32,59,1.17,IR,1712860348
461,ujae,8.9322,165.7642,300.48,77,100,9.46,MH,1712860348
462,hanzhong,33.0728,107.0303,288.6,80,1,0.38,CN,1712860348
463,bayanhongor,46.7167,100.1167,271.46,56,96,1.4,MN,1712860349
464,pacific grove,36.6177,-121.9166,301.03,74,0,3.58,US,1712860349
465,laojunmiao,39.8333,97.7333,282.34,27,7,0.75,CN,1712860349
466,bhinmal,25.0,72.25,302.1,30,91,0.36,IN,1712860349
467,alice springs,-23.7,133.8833,285.49,56,1,0.45,AU,1712860231
468,necochea,-38.5473,-58.7368,287.51,49,38,4.34,AR,1712860272
469,labasa,-16.4167,179.3833,297.99,91,22,1.68,FJ,1712860350
470,beloyarskiy,63.7119,66.6722,268.15,74,100,4.02,RU,1712860350
471,basotu,-4.3667,35.0833,289.75,95,59,1.82,TZ,1712860351
472,crane,31.3974,-102.3501,297.42,17,0,4.51,US,1712860351
473,urucara,-2.5364,-57.76,301.1,88,100,0.81,BR,1712860351
474,bubaque,11.2833,-15.8333,297.3,73,0,9.3,GW,1712860351
475,bandon,51.7469,-8.7425,284.92,96,100,7.8,IE,1712860352
476,bel ombre,-4.6167,55.4167,298.06,94,40,1.54,SC,1712860352
477,suva,-18.1416,178.4415,297.86,100,75,1.03,FJ,1712860352
478,villa bruzual,9.3328,-69.1208,312.52,23,8,1.55,VE,1712860352
479,saudarkrokur,65.7461,-19.6394,274.8,97,99,2.42,IS,1712860353
480,igarka,67.4667,86.5833,244.83,100,53,2.24,RU,1712860353
481,la ronge,55.1001,-105.2842,277.27,70,100,3.09,CA,1712860353
482,uray,60.1247,64.7758,273.64,65,100,2.24,RU,1712860340
483,jingdezhen,29.2947,117.2079,291.42,98,100,1.07,CN,1712860354
484,turaif,31.6725,38.6637,292.29,32,40,2.06,SA,1712860354
485,coahuayana de hidalgo,18.7,-103.6583,304.24,43,1,3.92,MX,1712860354
486,urangan,-25.3,152.9,291.04,89,11,3.13,AU,1712860354
487,macapa,0.0389,-51.0664,304.14,74,75,3.6,BR,1712860355
488,raduzhny,62.0961,77.475,252.46,96,93,2.64,RU,1712860355
489,iquique,-20.2208,-70.1431,296.17,82,44,2.79,CL,1712860313
490,kone,-21.0595,164.8658,295.68,89,100,1.28,NC,1712860355
491,ayorou,14.7308,0.9174,309.32,19,100,6.03,NE,1712860356
492,dover,39.1582,-75.5244,296.04,79,40,4.63,US,1712860121
493,minas de marcona,-15.2119,-75.1103,296.81,53,3,5.64,PE,1712860356
494,blacksburg,37.2296,-80.4139,290.77,76,100,3.6,US,1712860297
495,portland,45.5234,-122.6762,288.75,65,0,1.54,US,1712860081
496,rongelap,11.1635,166.8941,299.96,78,100,9.15,MH,1712860357
497,molteno,-31.3968,26.3625,279.06,64,0,2.91,ZA,1712860357
498,sao vicente,-23.9631,-46.3919,301.25,70,100,1.03,BR,1712860302
499,sinan,34.8262,126.1086,285.21,94,100,3.67,KR,1712860357
500,nova sintra,14.8667,-24.7167,295.99,73,3,6.76,CV,1712860358
501,benguela,-12.5763,13.4055,298.89,85,99,2.73,AO,1712860358
502,panama city beach,30.1766,-85.8055,295.4,75,75,10.8,US,1712860279
503,lorengau,-2.0226,147.2712,299.45,86,100,0.81,PG,1712860358
504,cuito,-12.3833,16.9333,290.68,95,100,1.3,AO,1712860359
505,tamanrasset,22.785,5.5228,303.1,8,0,5.66,DZ,1712860359
506,tuyen quang,21.8233,105.2181,297.75,94,100,0.8,VN,1712860359
507,umm kaddadah,13.6017,26.6876,300.64,11,7,5.46,SD,1712860359
508,laguna,38.421,-121.4238,299.36,56,0,1.54,US,1712860260
509,tres lagoas,-20.7511,-51.6783,302.66,62,100,0.81,BR,1712860360
510,wukari,7.85,9.7833,307.34,27,100,2.18,NG,1712860360
511,muang phonsavan,19.45,103.2167,291.29,87,1,0.76,LA,1712860360
512,ostersund,63.1792,14.6357,276.82,93,100,3.09,SE,1712860361
513,sao felix do xingu,-6.6447,-51.995,303.06,73,82,1.07,BR,1712860361
514,kupang,-10.1667,123.5833,299.47,94,83,2.57,ID,1712860361
515,paita,-5.0892,-81.1144,298.96,69,77,5.81,PE,1712860361
516,baukau,51.5526,7.2042,288.51,78,100,2.5,DE,1712860361
517,cidreira,-30.1811,-50.2056,293.15,87,100,8.27,BR,1712860362
518,georgiyevka,43.0369,74.7114,285.17,82,40,4.0,KZ,1712860362
519,abalak,58.1286,68.5944,270.57,75,96,4.84,RU,1712860362
520,grande prairie,55.1667,-118.8027,283.25,32,75,4.63,CA,1712860335
521,talodi,10.6325,30.3797,306.13,10,6,2.98,SD,1712860363
522,nikolayevsk-on-amure,53.1406,140.73,273.27,96,98,1.79,RU,1712860363
523,huron,41.1501,-82.5499,290.84,95,100,7.51,US,1712860363
524,wanxian,30.8039,108.3897,288.56,94,97,0.97,CN,1712860363
525,kargopol',61.5071,38.9456,277.76,79,39,5.97,RU,1712860363
526,lambarene,-0.7001,10.2406,299.33,87,100,2.64,GA,1712860364
527,pimentel,-6.8367,-79.9342,301.31,57,0,9.77,PE,1712860364
528,northam,51.0333,-4.2167,287.81,96,90,6.17,GB,1712860364
529,aiken,33.5835,-81.5998,299.48,77,75,9.26,US,1712860097
530,vansada,20.75,73.3667,301.51,48,100,2.67,IN,1712860365
531,chania,35.5122,24.0156,289.93,82,0,2.06,GR,1712860365
532,yeniseysk,58.4497,92.1703,263.68,83,100,3.13,RU,1712860365
533,lospalos,-8.5186,127.0025,293.67,90,17,0.61,TL,1712860365
534,tari,12.4086,4.4914,309.47,7,100,3.27,NG,1712860365
535,asaita,11.5636,41.4394,308.24,30,38,3.69,ET,1712860366
536,nelson bay,-32.7167,152.15,291.48,92,96,4.02,AU,1712860366
537,kozlovka,55.8428,48.2492,288.45,71,100,6.66,RU,1712860337
538,rajakhera,26.8961,78.1714,302.62,20,99,3.18,IN,1712860366
539,lyndon,38.2567,-85.6016,291.72,88,100,5.14,US,1712860299
540,abong mbang,3.9833,13.1833,295.44,96,100,1.62,CM,1712860367
541,shimo-furano,43.35,142.3833,281.37,71,100,2.23,JP,1712860367
542,nago,26.5881,127.9761,293.62,83,100,0.66,JP,1712860367
543,cottage grove,44.8277,-92.9438,289.6,48,40,7.2,US,1712860368
544,puerto carreno,6.189,-67.4859,310.14,39,48,4.12,CO,1712860157
545,tateyama,34.9833,139.8667,287.65,84,100,5.17,JP,1712860368
546,minab,27.1467,57.0801,301.03,51,67,0.91,IR,1712860369
547,ambon,-3.6954,128.1814,301.41,95,40,1.54,ID,1712860369
548,brady,31.1352,-99.3351,300.67,21,0,5.66,US,1712860369
549,ghazni,33.5536,68.4269,285.98,45,99,2.79,AF,1712860369
550,manicore,-5.8092,-61.3003,301.35,90,100,1.45,BR,1712860370
551,selibaby,15.159,-12.1829,312.92,14,60,3.87,MR,1712860370
552,grinnell,41.743,-92.7224,288.61,60,38,4.02,US,1712860370
553,almirante,9.3,-82.4,300.87,76,96,2.77,PA,1712860370
554,axim,4.8699,-2.2405,300.11,81,100,2.01,GH,1712860371
555,meadow lake,34.8014,-106.5436,293.06,19,0,3.57,US,1712860371
556,mae ramat,16.984,98.5166,297.26,83,10,1.07,TH,1712860371
557,borkum,53.5809,6.6915,287.56,93,98,5.35,DE,1712860371
558,alto barinas,8.5931,-70.2261,311.11,24,8,4.18,VE,1712860324
559,mahibadhoo,3.7833,72.9667,302.56,71,81,1.72,MV,1712860372
560,kampong cham,11.9934,105.4635,301.62,65,100,3.58,KH,1712860372
561,calvinia,-31.4707,19.776,289.01,30,0,6.18,ZA,1712860372
